{"TailMode":1,"HTailVRT":1.2,"VTailVRT":0.050000000000000003,"CG":85,"Main":{"PosY":42.7200012,"PosX":0,"Span":85,"Root":42,"Tip":25,"Swept":3.25},"HTail":{"PosY":160,"PosX":0,"Span":47.6100006,"Root":26,"Tip":15.7700005,"Swept":15.2700005},"VTail":{"PosY":172.997833,"PosX":47.6100006,"Span":18.7000008,"Root":15.7700005,"Tip":5,"Swept":33.5800018}}